MeanPointLon,MeanPointLat,StartPointLat,StartPointLon,EndPointLat,EndPointLon,Length_km,LeftPlate,RightPlate,PlateID,Time_Ma,Plate_Velocity
27.0172721335,-53.1096464498,-50.3495673622,25.3622789521,-55.8697255374,28.672265315,652.176322551,501,802,0,101,5.66500213665
45.5446837075,-52.0331161763,-51.712718518,44.86195469,-52.3535138347,46.2274127251,117.47895522,501,802,0,101,6.90079423038
50.4497013446,-51.6486990537,-52.3535138347,46.2274127251,-50.9438842727,54.671989964,602.949682541,501,802,0,101,6.97711070353
62.2188761103,-51.0762191841,-52.4344457135,56.8104319906,-49.7179926548,67.62732023,812.824521491,501,802,0,101,7.49154159684
26.8288953319,-53.2334262727,-50.6105471699,25.2427429762,-55.8563053754,28.4150476875,620.173379424,501,802,0,102,5.66670549419
36.5040034106,-53.7742760314,-55.8563053754,28.4150476875,-51.6922466874,44.5929591337,1156.02641497,501,802,0,102,6.06229386615
45.2756984841,-52.0123804841,-51.6922466874,44.5929591337,-52.3325142807,45.9584378344,117.47895522,501,802,0,102,6.88590699128
50.1779812593,-51.6262060797,-52.3325142807,45.9584378344,-50.9198978787,54.3975246841,602.949682541,501,802,0,102,6.96274863054
55.4667841429,-51.6648403835,-50.9198978787,54.3975246841,-52.4097828884,56.5360436018,221.791597863,501,802,0,102,7.39150027543
61.9405124139,-51.050118082,-52.4097828884,56.5360436018,-49.6904532756,67.344981226,812.824521491,501,802,0,102,7.47960091157
75.2172950532,-46.3090581804,-46.1492381072,75.6095128552,-46.4688782537,74.8250772511,69.9539729635,550,801,575,103,6.26941835027
26.6383125382,-53.356719646,-50.8711828023,25.1226343382,-55.8422564897,28.1539907381,588.085586165,501,802,0,103,5.66861405169
36.2372444618,-53.7570336413,-55.8422564897,28.1539907381,-51.6718107929,44.3204981854,1156.02641497,501,802,0,103,6.04733854732
45.003213736,-51.9917088617,-51.6718107929,44.3204981854,-52.3116069305,45.6859292865,117.478955221,501,802,0,103,6.87075915299
49.9028295187,-51.6039788012,-52.3116069305,45.6859292865,-50.896350672,54.1197297508,602.949682541,501,802,0,103,6.94812930774
55.1889605978,-51.6409980668,-50.896350672,54.1197297508,-52.3856454617,56.2581914448,221.791597863,501,802,0,103,7.37840707004
61.6589104002,-51.024754229,-52.3856454617,56.2581914448,-49.6638629964,67.0596293556,812.824521491,501,802,0,103,7.46742388648
74.8693210221,-46.2683392608,-46.1084906106,75.2612229642,-46.428187911,74.47741908,69.9539729634,550,801,575,104,6.25669374121
26.4455261026,-53.4795209281,-51.1314730654,25.0019398956,-55.8275687907,27.8891123095,555.912855564,501,802,0,104,5.67072667655
35.9668501084,-53.7394845484,-55.8275687907,27.8891123095,-51.651400306,44.0445879074,1156.02641497,501,802,0,104,6.03212433972
44.7272454651,-51.9710908369,-51.651400306,44.0445879074,-52.2907813677,45.4099030228,117.47895522,501,802,0,104,6.85534936338
49.6242613843,-51.5820069076,-52.2907813677,45.4099030228,-50.8732324474,53.8386197459,602.949682541,501,802,0,104,6.93325134806
54.9077547652,-51.6176279621,-50.8732324474,53.8386197459,-52.3620234769,55.9768897846,221.791597863,501,802,0,104,7.36506846789
61.374083193,-51.0001179908,-52.3620234769,55.9768897846,-49.6382125048,66.7712766014,812.824521491,501,802,0,104,7.45500874666
74.9372010386,-45.7120323654,-45.6222140681,75.1438392478,-45.8018506627,74.7305628293,37.7973669268,550,801,575,105,6.27149679854
74.518701454,-46.2290356048,-46.0691705527,74.9103086801,-46.388900657,74.127094228,69.9539729643,550,801,575,105,6.24370180021
26.2505385035,-53.6018242538,-51.3914167796,24.8806461157,-55.812231728,27.6204308912,523.65510279,501,802,0,105,5.67304218848
35.6928377186,-53.7216179772,-55.812231728,27.6204308912,-51.6310042265,43.765244546,1156.02641497,501,802,0,105,6.01665075423
44.4478098427,-51.9505154596,-51.6310042265,43.765244546,-52.2700266927,45.1303751394,117.47895522,501,802,0,105,6.83967627907
49.3422921803,-51.5602796102,-52.2700266927,45.1303751394,-50.8505325276,53.5542092213,602.949682541,501,802,0,105,6.91811337183
54.62318101,-51.5947195075,-50.8505325276,53.5542092213,-52.3389064874,55.6921527987,221.791597863,501,802,0,105,7.35148272495
61.0860437493,-50.9761992678,-52.3389064874,55.6921527987,-49.6134920482,66.4799346999,812.824521491,501,802,0,105,7.44235371794
74.6763492979,-45.7890819565,-45.6999859429,74.8839141723,-45.8781779701,74.4687844235,37.7973668824,550,801,575,106,6.25754754248
74.2535306018,-46.3046147791,-46.1461222946,74.6468438537,-46.4631072636,73.8602173499,69.9539729405,550,801,575,106,6.22956628953
30.3512184488,-52.93998627,-54.2361620057,25.229675675,-51.6438105343,35.4727612226,743.60322747,501,802,0,106,5.80404868035
39.3007158957,-50.3872519173,-51.6438105343,35.4727612226,-49.1306933002,43.1286705687,610.074672642,501,802,0,106,6.20145972696
48.1495983152,-49.7686330146,-50.4076340597,43.6673561549,-49.1296319695,52.6318404754,658.868498131,501,802,0,106,6.53986308269
59.4663030329,-50.4295758061,-51.0780320563,54.0008049323,-49.7811195559,64.9318011335,786.828731951,501,802,0,106,6.91512940242
66.8311631768,-51.0373321311,-49.7811195559,64.9318011335,-52.2935447064,68.7305252202,385.37960918,501,802,0,106,7.2191629535
74.4149105744,-45.8651417578,-45.7767743256,74.6233997101,-45.95350919,74.2064214387,37.7973668818,550,801,575,107,6.24354922341
73.9877577592,-46.3791827932,-46.2220746389,74.3827714831,-46.5362909475,73.5927440352,69.9539729401,550,801,575,107,6.21538146882
24.3101112505,-53.1192574896,-52.0904013539,23.6401960035,-54.1481136253,24.9800264975,245.645512102,501,802,0,107,5.65727492913
30.1021369886,-52.8655487082,-54.1481136253,24.9800264975,-51.5829837911,35.2242474798,743.60322747,501,802,0,107,5.78977021411
39.0568503742,-50.3372626058,-51.5829837911,35.2242474798,-49.0915414205,42.8894532687,610.074672642,501,802,0,107,6.18842745084
47.903283824,-49.7441559445,-50.3700238601,43.418879232,-49.118288029,52.3876884159,658.868498131,501,802,0,107,6.52841766068
59.2135292606,-50.4384198377,-51.0707176166,53.7423554263,-49.8061220589,64.684703095,786.828731951,501,802,0,107,6.90609560775
66.5826111014,-51.0719144323,-49.8061220589,64.684703095,-52.3377068057,68.4805191078,386.650220457,501,802,0,107,7.21282813635
74.1529044608,-45.9401999609,-45.8525673766,74.3623151923,-46.0278325451,73.9434937292,37.7973668812,550,801,575,108,6.22950326526
73.7214033345,-46.452727763,-46.2970156357,74.1181114716,-46.6084398904,73.3246951974,69.9539729399,550,801,575,108,6.20114877192
74.1745010748,-42.6386004435,-43.3768772293,72.4248646085,-41.9003236577,75.9241375411,329.942515515,801,501,0,108,4.2068748749
24.1497013402,-53.1575452971,-52.2562804633,23.5676930309,-54.0588101309,24.7317096496,214.926063789,501,802,0,108,5.65888977571
29.8541466865,-52.789876532,-54.0588101309,24.7317096496,-51.5209429331,34.9765837235,743.60322747,501,802,0,108,5.77531269021
38.8136702752,-50.2860995728,-51.5209429331,34.9765837235,-49.0512562125,42.6507568269,610.074672642,501,802,0,108,6.17522986425
47.6572801029,-49.7185751833,-50.3312580878,43.1708959253,-49.1058922788,52.1436642805,658.868498131,501,802,0,108,6.51681907865
58.9605685282,-50.4462776792,-51.0623249526,53.4839270428,-49.8302304058,64.4372100136,786.828731951,501,802,0,108,6.8969230333
66.333468895,-51.1056466099,-49.8302304058,64.4372100136,-52.381062814,68.2297277765,387.92083006,501,802,0,108,7.20637296468
70.8869020604,-51.8127638362,-51.6509728292,71.5710632339,-51.9745548432,70.2027408868,100.709346588,801,501,0,108,4.17975792508
69.2162343316,-52.1778088286,-51.9745548432,70.2027408868,-52.381062814,68.2297277765,141.917559085,801,501,0,108,4.09583109068
67.8548902983,-52.453059805,-52.381062814,68.2297277765,-52.5250567961,67.4800528201,53.2638456099,801,501,0,108,3.97601800364
66.713763907,-52.667665147,-52.5250567961,67.4800528201,-52.810273498,65.9474749938,108.100389736,801,501,0,108,3.93099270318
65.5578807426,-52.8848986388,-52.810273498,65.9474749938,-52.9595237796,65.1682864913,54.8518317664,801,501,0,108,3.84005813518
73.8903510018,-46.0142449571,-45.927353454,74.1006804002,-46.1011364603,73.6800216034,37.7973668803,550,801,575,109,6.2154111105
73.4544882043,-46.5252380105,-46.3709335368,73.8528841875,-46.6795424842,73.056092221,69.9539729392,550,801,575,109,6.18686965135
74.6735283384,-49.1456844682,-49.0050294825,75.0401448555,-49.2863394538,74.3069118212,61.8290100074,550,801,575,109,6.13041557213
70.3731682695,-37.4104168837,-38.1455659868,68.7094571573,-36.6752677805,72.0368793817,336.268488687,801,501,0,109,3.97845512532
23.9897970491,-53.1953690924,-52.4224823767,23.4948418455,-53.9682558082,24.4847522527,184.09336427,501,802,0,109,5.66052850232
29.6072756541,-52.7129723368,-53.9682558082,24.4847522527,-51.4576888654,34.7297990556,743.60322747,501,802,0,109,5.76067543774
38.5712037385,-50.2337625008,-51.4576888654,34.7297990556,-49.0098361363,42.4126084215,610.074672642,501,802,0,109,6.16186634065
47.4116146857,-49.6918873819,-50.2913348556,42.9234351279,-49.0924399082,51.8997942435,658.868498131,501,802,0,109,6.50506663405
58.7074457027,-50.4531420017,-51.0528483128,53.2255481771,-49.8534356907,64.1893432283,786.828731951,501,802,0,109,6.88761071738
66.0837563681,-51.1385189326,-49.8534356907,64.1893432283,-52.4236021746,67.9781695078,389.191467881,501,802,0,109,7.19979624226
70.5903825108,-51.8736556692,-51.7139505268,71.2767525214,-52.0333608115,69.9040125003,100.709346588,801,501,0,109,4.168725369
68.941091004,-52.228481493,-52.0333608115,69.9040125003,-52.4236021746,67.9781695078,138.152672724,801,501,0,109,4.08486829343
67.575819953,-52.4995338798,-52.4236021746,67.9781695078,-52.575465585,67.1734703982,57.0287319705,801,501,0,109,3.96834831116
66.4051391402,-52.7156851301,-52.575465585,67.1734703982,-52.8559046753,65.6368078822,108.100389736,801,501,0,109,3.92019571537
65.3397906184,-52.9119962204,-52.8559046753,65.6368078822,-52.9680877655,65.0427733545,41.7405016108,801,501,0,109,3.82938198328
73.6272706932,-46.0872653429,-46.0011211184,73.8385155641,-46.1734095674,73.4160258224,37.7973668793,550,801,575,110,6.20127422014
73.1870337116,-46.5967020695,-46.4438168017,73.5871104629,-46.7495873373,72.7869569603,69.9539729388,550,801,575,110,6.17254557837
74.3871362102,-49.2214323107,-49.0820736632,74.7554712615,-49.3607909583,74.0188011589,61.8290100068,550,801,575,110,6.11538695873
70.1633587537,-37.4703068973,-38.2009271724,68.493366745,-36.7396866221,71.8333507625,336.544596425,801,501,0,110,3.96322623647
23.8304076866,-53.2327340714,-52.5890129973,23.4216344914,-53.8764551455,24.2391808818,153.147130761,501,802,0,110,5.66219145668
29.3615515766,-52.6348389315,-53.8764551455,24.2391808818,-51.3932227176,34.4839222714,743.60322747,501,802,0,110,5.74585780332
38.3294786857,-50.1802512921,-51.3932227176,34.4839222714,-48.9672798666,42.1750351001,610.074672642,501,802,0,110,6.14833627476
47.1663150673,-49.6640894066,-50.2502525016,42.6765256068,-49.0779263115,51.6561045278,658.868498131,501,802,0,110,6.49315964578
58.4541858259,-50.4590056641,-51.0422821619,52.9672473218,-49.8757291663,63.9411243301,786.828731951,501,802,0,110,6.87815771593
65.8334936358,-51.1705218112,-49.8757291663,63.9411243301,-52.4653144561,67.7258629415,390.462164229,501,802,0,110,7.19309678728
73.0463801892,-51.2649972031,-50.7540780324,75.1115603395,-51.7759163739,70.9812000389,308.969366831,801,501,0,110,4.41556606853
70.2926371736,-51.9335155447,-51.7759163739,70.9812000389,-52.0911147155,69.6040743083,100.709346588,801,501,0,110,4.15772353917
68.6649686249,-52.2782145858,-52.0911147155,69.6040743083,-52.4653144561,67.7258629415,134.378261558,801,501,0,110,4.0739388919
67.2958118007,-52.5450304521,-52.4653144561,67.7258629415,-52.6247464481,66.8657606599,60.803143137,801,501,0,110,3.96071681954
66.0954144629,-52.7625567849,-52.6247464481,66.8657606599,-52.9003671217,65.3250682659,108.100389736,801,501,0,110,3.90943762428
65.1217035516,-52.9382242418,-52.9003671217,65.3250682659,-52.976081362,64.9183388373,28.5273732905,801,501,0,110,3.81874800199
73.3636844801,-46.1592499248,-46.0738591384,73.5758413622,-46.2446407112,73.1515275979,37.797366882,550,801,575,111,6.18709407357
72.9190616646,-46.6671086909,-46.5156541023,73.3208115925,-46.8185632796,72.5173117368,69.9539729403,550,801,575,111,6.15817804275
74.1000036883,-49.2960721046,-49.1580212244,74.4700505953,-49.4341229848,73.7299567814,61.8290100085,550,801,575,111,6.10030727326
74.1787910206,-50.0614016942,-50.0397053388,74.238050419,-50.0830980497,74.1195316222,9.73948525576,550,801,575,111,6.0550522848
69.9533458043,-37.5293396142,-38.2553033831,68.2772558944,-36.8033758454,71.6294357142,336.784972553,801,501,0,111,3.94803721738
23.6715421198,-53.2696455331,-52.755878236,23.3480626789,-53.7834128301,23.9950215608,122.087080734,501,802,0,111,5.66387898357
29.1170017055,-52.5554793359,-53.7834128301,23.9950215608,-51.3275458417,34.2389818503,743.60322747,501,802,0,111,5.73085915188
38.08852281,-50.1255660672,-51.3275458417,34.2389818503,-48.9235862927,41.9380637698,610.074672642,501,802,0,111,6.13463908336
46.9214086937,-49.6351783389,-50.2080095891,42.4301959917,-49.0623470887,51.4126213958,658.868498131,501,802,0,111,6.48109745503
58.2008141065,-50.4638617152,-51.0306211826,52.7090530566,-49.8971022477,63.6925751563,786.828731951,501,802,0,111,6.8685631034
65.582701115,-51.2016458017,-49.8971022477,63.6925751563,-52.5061893557,67.4728270737,391.732949838,501,802,0,111,7.18627343335
72.7565671989,-51.3322015569,-50.8275486484,74.8287110377,-51.8368544654,70.68442336,308.969366831,801,501,0,111,4.40446779837
69.9936846176,-51.9923276534,-51.8368544654,70.68442336,-52.1478008413,69.3029458752,100.709346588,801,501,0,111,4.14675438479
68.3878864745,-52.3269950985,-52.1478008413,69.3029458752,-52.5061893557,67.4728270737,130.594318301,801,501,0,111,4.06304484997
67.0148870935,-52.5895367769,-52.5061893557,67.4728270737,-52.6728841981,66.5569471133,64.5870863954,801,501,0,111,3.95312522794
65.7846144862,-52.8082651066,-52.6728841981,66.5569471133,-52.9436460152,65.0122818591,108.100389736,801,501,0,111,3.89872042163
64.9036414709,-52.9635770787,-52.9436460152,65.0122818591,-52.9835081422,64.7950010827,15.212505647,801,501,0,111,3.80815819685
73.0996137549,-46.2301877248,-46.1455564956,73.3126789189,-46.314818954,72.886548591,37.7973668827,550,801,575,112,6.17287216805
72.6505943339,-46.7364468484,-46.5864343287,73.054009331,-46.886459368,72.2471793369,69.9539729405,550,801,575,112,6.14376855231
73.8121544927,-49.3695911938,-49.2328594405,74.1839060102,-49.506322947,73.4404029753,61.8290100088,550,801,575,112,6.08517799574
73.8912181443,-50.1327884199,-50.1137058702,73.9440838863,-50.1518709697,73.8383524023,8.64896385721,550,801,575,112,6.03959892085
69.7431436104,-37.5875060771,-38.3086866291,68.0611434252,-36.8663255251,71.4251437956,336.98924852,801,501,0,112,3.93289053801
23.5132087663,-53.3061088763,-52.923084008,23.2741177748,-53.6891337447,23.7522997579,90.9129320252,501,802,0,112,5.66559142478
28.8736528517,-52.4748967775,-53.6891337447,23.7522997579,-51.2606598103,33.9950059456,743.60322747,501,802,0,112,5.71567886714
37.8483635666,-50.0697071638,-51.2606598103,33.9950059456,-48.8787545172,41.7017211877,610.074672642,501,802,0,112,6.12077420602
46.6769229515,-49.605151476,-50.1646049055,42.1844747636,-49.0456980464,51.1693711394,658.868498131,501,802,0,112,6.46887942596
57.9473559112,-50.4677033956,-51.0178602769,52.4509940364,-49.9175465143,63.443717786,786.828731951,501,802,0,112,6.8588259734
65.3313995208,-51.2318816086,-49.9175465143,63.443717786,-52.5462167029,67.2190812555,393.00385587,501,802,0,112,7.1793250301
72.4655091004,-51.3984244971,-50.9000999833,74.5445775365,-51.8967490109,70.3864406643,308.969366831,801,501,0,112,4.39339657274
69.6935440249,-52.0500763079,-51.8967490109,70.3864406643,-52.2034036049,69.0006473856,100.709346588,801,501,0,112,4.13581984604
68.1098643205,-52.3748101539,-52.2034036049,69.0006473856,-52.5462167029,67.2190812555,126.800835595,801,501,0,112,4.05218812139
66.7330675774,-52.6330402561,-52.5462167029,67.2190812555,-52.7198638093,66.2470538993,68.3805691025,801,501,0,112,3.94557522162
65.4727644537,-52.8527952616,-52.7198638093,66.2470538993,-52.9857267138,64.6984750081,108.100389736,801,501,0,112,3.88804608662
64.6856265581,-52.988049267,-52.9857267138,64.6984750081,-52.9903718202,64.6727781081,1.79595968486,801,501,0,112,3.79761455937
72.8350803557,-46.3000679859,-46.2162023904,73.0490498025,-46.3839335815,72.6211109089,37.7973668851,550,801,575,113,6.1586100189
72.3816544499,-46.8047057433,-46.6561465945,72.7867258913,-46.9532648922,71.9765830084,69.9539729419,550,801,575,113,6.12931863312
73.5236129307,-49.4419771579,-49.3065758169,73.8970612433,-49.5773784989,73.1501646181,61.8290100104,550,801,575,113,6.07000062553
73.6027120938,-50.2031531836,-50.1865532343,73.6493645831,-50.219753133,73.5560596044,7.59787710077,550,801,575,113,6.02409626407
64.2046215175,-55.0115732092,-55.0343843808,64.6711963412,-54.9887620375,63.7380466937,59.7134955634,501,802,0,113,7.1743176955
61.1635512549,-54.8293959099,-54.9887620375,63.7380466937,-54.6700297822,58.5890558162,331.614095612,501,802,0,113,7.15417571594
54.6675680244,-51.2420918589,-51.4518317205,58.4832040741,-51.0323519973,50.8519319747,533.024102859,501,802,0,113,7.04091226614
45.3330682436,-49.2989822878,-49.9082768476,50.858873893,-48.689687728,39.8072625942,811.965148948,501,802,0,113,6.80368339716
38.5065588192,-50.2061116058,-50.0112675119,39.3928701873,-50.4009556997,37.620247451,133.384193818,501,802,0,113,6.3451413709
33.8489191479,-51.7913060128,-51.7116687828,37.4012271085,-51.8709432427,30.2966111873,488.762504659,501,802,0,113,6.27873392533
27.3422635423,-53.3931613102,-52.8765860795,30.3007718117,-53.909736541,24.3837552729,408.677597673,501,802,0,113,5.98617788826
23.5096782402,-54.0924193182,-53.909736541,24.3837552729,-54.2751020955,22.6356012075,121.022227046,501,802,0,113,5.75117178543
72.1732217518,-51.4636501366,-50.9717159333,74.2591727636,-51.9555843399,70.08727074,308.969366831,801,501,0,113,4.38235427829
69.3922351929,-52.1067459491,-51.9555843399,70.08727074,-52.2579075582,68.6971996458,100.709346589,801,501,0,113,4.12492185317
67.3166527185,-52.5117889912,-52.2579075582,68.6971996458,-52.7656704242,65.9361057912,195.181404708,801,501,0,113,4.0413706488
65.2453498135,-52.8823398252,-52.7656704242,65.9361057912,-52.9990092262,64.5545938359,96.2617875356,801,501,0,113,3.87741658488
64.469134262,-53.012801994,-52.9990092262,64.5545938359,-53.0265947618,64.3836746882,11.8386021403,801,501,0,113,3.79700108199
63.9107764163,-53.1082239426,-53.0265947618,64.3836746882,-53.1898531234,63.4378781444,65.6904546987,801,501,0,113,3.78711906601
72.5701065626,-46.3688801769,-46.2857862464,72.7849760228,-46.4519741075,72.3552371025,37.7973668841,550,801,575,114,6.144309159
72.1122651996,-46.8718748107,-46.724780242,72.5189839417,-47.0189693793,71.7055464575,69.9539729412,550,801,575,114,6.11482982899
73.2344038946,-49.5132178184,-49.3791580957,73.6095406135,-49.6472775411,72.8592671756,61.8290100096,550,801,575,114,6.05477668088
73.313292507,-50.2724823064,-50.2582348305,73.3539181345,-50.2867297824,73.2726668796,6.58661682839,550,801,575,114,6.00854584015
63.8850228866,-55.0317350872,-55.0545600672,64.3226422136,-55.0089101072,63.4474035597,56.0077001543,501,802,0,114,7.16601749253
60.8736195792,-54.841709538,-55.0089101072,63.4474035597,-54.6745089688,58.2998355986,331.614095612,501,802,0,114,7.14690771912
54.4078658185,-51.2346664157,-51.45602947,58.2212120433,-51.0133033613,50.5945195938,533.024102859,501,802,0,114,7.03245286543
45.0923716551,-49.2634941806,-49.8892620372,50.6098736621,-48.637726324,39.574869648,811.965148948,501,802,0,114,6.79330317023
38.2652286823,-50.1503670379,-49.9580873026,39.1518707762,-50.3426467731,37.3785865884,133.384193818,501,802,0,114,6.33201595377
33.6028917038,-51.7224056404,-51.6527167692,37.1503217431,-51.7920945115,30.0554616646,488.762504659,501,802,0,114,6.26535216328
27.0959869953,-53.3064812961,-52.7977386768,30.0522829439,-53.8152239153,24.1396910466,408.677597673,501,802,0,114,5.97158340395
23.1964151936,-54.0094491849,-53.8152239153,24.1396910466,-54.2036744544,22.2531393405,130.618135297,501,802,0,114,5.7358239438
71.8797215941,-51.5278626919,-51.0423804755,73.972510201,-52.0133449082,69.7869329873,308.969366831,801,501,0,114,4.37134279403
69.0897785367,-52.1623211517,-52.0133449082,69.7869329873,-52.3112973951,68.3926240861,100.709346589,801,501,0,114,4.11406232559
67.008376139,-52.5607933773,-52.3112973951,68.3926240861,-52.8102893594,65.6241281919,195.181404708,801,501,0,114,4.03059436279
65.0310765799,-52.9088828449,-52.8102893594,65.6241281919,-53.0074763304,64.4380249678,82.5057780205,801,501,0,114,3.86683386751
64.2529667338,-53.0368561131,-53.0074763304,64.4380249678,-53.0662358958,64.0679084997,25.5946116895,801,501,0,114,3.79800643675
63.5938675407,-53.1463415001,-53.0662358958,64.0679084997,-53.2264471045,63.1198265818,65.690454698,801,501,0,114,3.77667367713
21.4320530387,-54.0450411983,-54.1301272829,21.8724832232,-53.9599551137,20.9916228542,60.5422130108,802,701,0,115,6.00407635046
72.3047150953,-46.4366139977,-46.354297716,72.520480028,-46.5189302793,72.0889501626,37.797366884,550,801,575,115,6.12997113871
71.8424502231,-46.9379437237,-46.7923248476,72.2508066023,-47.0835625998,71.434093844,69.9539729413,550,801,575,115,6.10030370136
72.9445528591,-49.5833012451,-49.4505942626,73.3213690197,-49.7160082276,72.5677366984,61.8290100097,550,801,575,115,6.03950769883
73.0229795754,-50.3407622848,-50.3287383113,73.0577707888,-50.3527862583,72.988188362,5.61557754487,550,801,575,115,5.99294919388
63.5647880038,-55.0506370822,-55.0732876893,63.9733288822,-55.0279864751,63.1562471253,52.2896536187,501,802,0,115,7.15755375052
60.5833248976,-54.8529188932,-55.0279864751,63.1562471253,-54.6778513114,58.0104026698,331.614095611,501,802,0,115,7.1395079929
54.1482616715,-51.2261503739,-51.4591728209,57.9591317889,-50.9931279269,50.3373915542,533.024102859,501,802,0,115,7.02385670744
44.8522122581,-49.2268839391,-49.8691461755,50.3611747557,-48.5846217027,39.3432497605,811.965148948,501,802,0,115,6.78277721034
38.0247365356,-50.0934452866,-49.9037361087,38.9116707452,-50.2831544645,37.1378023261,133.384193817,501,802,0,115,6.31872982656
33.357916115,-51.6522930823,-51.5925535444,36.9003208544,-51.7120326201,29.8155113757,488.762504659,501,802,0,115,6.25180524943
26.8510739356,-53.2185689924,-52.717658143,29.8050250938,-53.7194798419,23.8971227774,408.677597673,501,802,0,115,5.95681393124
22.8848030003,-53.9248035624,-53.7194798419,23.8971227774,-54.1301272829,21.8724832232,140.204599034,501,802,0,115,5.72029361623
71.5850256559,-51.5910464882,-51.1120776732,73.6846038908,-52.0700153031,69.4854474209,308.969366831,801,501,0,115,4.36036399065
68.7861950909,-52.2167866303,-52.0700153031,69.4854474209,-52.3635579575,68.0869427609,100.709346589,801,501,0,115,4.10324317107
66.6990449464,-52.6086320348,-52.3635579575,68.0869427609,-52.853706112,65.3111471319,195.181404708,801,501,0,115,4.01986118113
64.8708665123,-52.9259622257,-52.853706112,65.3111471319,-52.9982183393,64.4305858928,61.1748729108,801,501,0,115,3.85629987018
64.0908952779,-53.0514271953,-52.9982183393,64.4305858928,-53.1046360513,63.7512046631,46.9255168107,801,501,0,115,3.80533620233
63.2760420237,-53.1832064887,-53.1046360513,63.7512046631,-53.2617769261,62.8008793843,65.6904546984,801,501,0,115,3.76628033606
21.4048120719,-54.0372217807,-54.0544697623,21.4936817505,-54.0199737992,21.3159423933,12.2238589797,802,701,0,116,5.98141986523
72.0389291091,-46.5032593841,-46.4217266855,72.2555847017,-46.5847920828,71.8222735165,37.7973668801,550,801,575,116,6.11559752567
71.5722336094,-47.0029023997,-46.8587702268,71.9822174413,-47.1470345725,71.1622497775,69.9539729392,550,801,575,116,6.08574182915
72.6540858779,-49.6522157625,-49.520872553,73.0325719371,-49.7835589721,72.2755998188,61.8290100074,550,801,575,116,6.0241952351
72.7317940439,-50.4079797963,-50.3980515891,72.7609494149,-50.4179080035,72.7026386728,4.68515636231,550,801,575,116,5.97730788903
63.2439521776,-55.0682668955,-55.0905524803,63.623297061,-55.0459813107,62.8646072941,48.5593431116,501,802,0,116,7.14892478793
60.2926985778,-54.8630152085,-55.0459813107,62.8646072941,-54.6800491064,57.7207898614,331.614095612,501,802,0,116,7.13197528846
53.888783857,-51.2165385625,-51.4612551447,57.6969907233,-50.9718219802,50.0805769907,533.024102859,501,802,0,116,7.01512278877
44.6126166054,-49.1891500701,-49.847925763,50.1128046741,-48.5303743773,39.1124285367,811.965148948,501,802,0,116,6.7721047809
37.7851095349,-50.0353472165,-49.8482145018,38.6722972344,-50.2224799312,36.8979218354,133.384193817,501,802,0,116,6.30528251045
33.1140197579,-51.5809707046,-51.5311802975,36.6512533149,-51.6307611117,29.5767862009,488.762504659,501,802,0,116,6.23809263352
26.6075500173,-53.1294289099,-52.63634807,29.5590253653,-53.6225097499,23.6560746693,408.677597673,501,802,0,116,5.9418689367
22.5748782099,-53.8384897561,-53.6225097499,23.6560746693,-54.0544697623,21.4936817505,149.781813936,501,802,0,116,5.70458024421
71.2891515565,-51.6531859655,-51.180791681,73.3954684415,-52.12558025,69.1828346715,308.969366831,801,501,0,116,4.34941972963
68.4815065106,-52.2701272456,-52.12558025,69.1828346715,-52.4146742413,67.7801783496,100.709346587,801,501,0,116,4.09246628483
66.3886838076,-52.6552903036,-52.4146742413,67.7801783496,-52.8959063658,64.9971892656,195.181404707,801,501,0,116,4.00917300774
64.7500444552,-52.9360313435,-52.8959063658,64.9971892656,-52.9761563213,64.5028996448,34.3070362496,801,501,0,116,3.84581651208
63.9682458292,-53.0589688451,-52.9761563213,64.5028996448,-53.141781369,63.4335920136,73.7933534647,801,501,0,116,3.81727374665
62.9573293613,-53.2188051967,-53.141781369,63.4335920136,-53.2958290243,62.4810667089,65.6904546961,801,501,0,116,3.75594096804
21.3830022561,-54.0286086967,-54.0805059229,21.6492218103,-53.9767114706,21.1167827019,36.6407487395,802,701,0,117,5.99035177617
71.7727721911,-46.5688065136,-46.48806328,71.9903133585,-46.6495497472,71.5552310238,37.7973668832,550,801,575,117,6.10118990452
71.3016398918,-47.0667410046,-46.9241064395,71.7132404715,-47.2093755697,70.8900393122,69.9539729407,550,801,575,117,6.07114580846
72.3630295798,-49.7199499564,-49.5899814584,72.7431754143,-49.8499184543,71.9828837453,61.8290100089,550,801,575,117,6.00884086384
72.4397572108,-50.4741217052,-50.4661628427,72.4634814981,-50.4820805677,72.4160329236,3.79575307085,550,801,575,117,5.96162350811
62.9225512482,-55.0846124829,-55.1063399698,63.272588144,-55.062884996,62.5725143524,44.8167556908,501,802,0,117,7.14012894173
60.0017722994,-54.8719899432,-55.062884996,62.5725143524,-54.6810948904,57.4310302465,331.614095612,501,802,0,117,7.1243083716
53.6294607229,-51.2058260287,-51.4622700225,57.4348164201,-50.9493820349,49.8241050257,533.024102859,501,802,0,117,7.00625012588
44.3736111289,-49.1502912919,-49.8255975175,49.8647909007,-48.4749850663,38.882431357,811.965148948,501,802,0,117,6.76128516946
37.546374568,-49.9760739062,-49.7915232682,38.4337771355,-50.1606245442,36.6589720005,133.384193817,501,802,0,117,6.29167355367
32.8712296318,-51.5084410858,-51.468598442,36.4031476818,-51.5482837295,29.3393115819,488.762504659,501,802,0,117,6.22421379031
26.3654403713,-53.0390657541,-52.5538122574,29.3143103927,-53.5243192509,23.41657035,408.677597673,501,802,0,117,5.92674791048
22.2666765259,-53.7505153608,-53.5243192509,23.41657035,-53.9767114706,21.1167827019,159.349976532,501,802,0,117,5.68868329058
70.9921175101,-51.7142656838,-51.24850675,73.1051190326,-52.1800246176,68.8791159877,308.969366831,801,501,0,117,4.33851186249
68.1757350718,-52.3223280101,-52.1800246176,68.8791159877,-52.4646314025,67.4723541559,100.709346588,801,501,0,117,4.08173354865
66.0773180119,-52.7007537,-52.4646314025,67.4723541559,-52.9368759974,64.6822818679,195.181404707,801,501,0,117,3.99853173184
64.6296585039,-52.9453269564,-52.9368759974,64.6822818679,-52.9537779153,64.5770351399,7.29805254944,801,501,0,117,3.83538569503
63.8460675676,-53.0657180579,-52.9537779153,64.5770351399,-53.1776582004,63.1150999953,100.802337079,801,501,0,117,3.82932193625
62.6377596536,-53.2531241292,-53.1776582004,63.1150999953,-53.3285900579,62.160419312,65.6904546973,801,501,0,117,3.74565747926
28.1753288528,-55.0682225817,-55.3137411715,30.3484163682,-54.8227039919,26.0022413374,282.008210907,802,701,0,118,6.46779796444
23.9969123455,-54.4821131706,-54.8227039919,26.0022413374,-54.1415223492,21.9915833536,269.88797469,802,701,0,118,6.23943406693
71.5062683556,-46.6332458094,-46.5532978681,71.7246897401,-46.7131937507,71.2878469712,37.7973668839,550,801,575,118,6.08674987651
71.030694043,-47.1294499586,-46.988323795,71.4439001448,-47.2705761221,70.6174879413,69.9539729412,550,801,575,118,6.05651725218
72.0714111637,-49.7864926796,-49.657909733,72.4532060689,-49.9150756261,71.6896162585,61.8290100096,550,801,575,118,5.9934461772
72.1468909273,-50.5391750682,-50.5330605244,72.1653951353,-50.5452896121,72.1283867194,2.94777000379,550,801,575,118,5.94589765201
64.2400221962,-56.4082528859,-56.3964624015,64.5821665342,-56.4200433703,63.8978778582,42.1795811273,802,501,0,118,4.23130638787
54.1213471897,-56.483144057,-56.3857956972,57.2030203278,-56.5804924168,51.0396740516,378.919866124,802,501,0,118,3.8500866743
49.3138982314,-55.3430183864,-55.3933440981,50.5510560191,-55.2926926748,48.0767404437,156.848420498,802,501,0,118,3.45526021655
47.2101361985,-54.4496087516,-54.4046802812,47.9312692597,-54.4945372221,46.4890031373,93.7759306027,802,501,0,118,3.25052293023
43.2193681579,-54.2476336755,-53.9996538623,46.2947448266,-54.4956134888,40.1439914892,403.264664179,802,501,0,118,3.14076402539
35.5993082786,-54.7459110105,-54.3196383185,40.0662688839,-55.1721837024,31.1323476733,580.763290035,802,501,0,118,2.93582218573
30.7403820207,-55.2429624369,-55.1721837024,31.1323476733,-55.3137411715,30.3484163682,52.1279490276,802,501,0,118,2.85355785671
70.6939423282,-51.7742703288,-51.3152072333,72.8135714204,-52.2333334244,68.574313236,308.969366831,801,501,0,118,4.32764222986
67.8689036714,-52.3733740939,-52.2333334244,68.574313236,-52.5134147634,67.1634941069,100.709346589,801,501,0,118,4.07104682992
65.9094525899,-52.7228240977,-52.5134147634,67.1634941069,-52.932233432,64.655411073,175.205458633,801,501,0,118,3.98793922696
27.797926059,-55.0197206108,-55.2647523948,29.8935738215,-54.7746888268,25.7022782965,272.640145941,802,701,0,119,6.4442219182
24.0227137246,-54.4888400886,-54.7746888268,25.7022782965,-54.2029913504,22.3431491527,226.058146626,802,701,0,119,6.22263603835
71.2394420393,-46.6965679458,-46.6174210672,71.4587380106,-46.7757148245,71.020146068,37.7973668853,550,801,575,119,6.0722790594
70.7594214696,-47.1910199407,-47.0514128571,71.1742213478,-47.3306270243,70.3446215913,69.953972942,550,801,575,119,6.04185778991
71.7792583938,-49.8518330588,-49.7246463993,72.1626910829,-49.9790197183,71.3958257047,61.8290100104,550,801,575,119,5.97801278536
71.8532175957,-50.6031271401,-50.598733366,71.8667190298,-50.6075209142,71.8397161616,2.14161213577,550,801,575,119,5.93013193993
66.9158860399,-56.4219177289,-56.4255707251,69.554352769,-56.4182647327,64.2774193109,324.447443526,802,501,0,119,4.50951559724
63.9349745247,-56.4289970848,-56.4182647327,64.2774193109,-56.4397294369,63.5925297384,42.1795811274,802,501,0,119,4.22768719182
60.4347440798,-57.274149415,-57.148042356,63.5917781887,-57.400256474,57.2777099709,380.462208417,802,501,0,119,4.23014576605
53.814742576,-56.4724613962,-56.3846827855,56.8964890617,-56.560240007,50.7329960903,378.919866124,802,501,0,119,3.84682355012
49.0205071344,-55.3174657679,-55.3716000159,50.2563704158,-55.2633315198,47.7846438531,156.848420498,802,501,0,119,3.45235131259
46.9265296477,-54.4176061501,-54.3748854056,47.6474960403,-54.4603268945,46.2055632551,93.7759306028,802,501,0,119,3.24770123691
42.9416552705,-54.2035690971,-53.9648573477,46.0158910168,-54.4422808465,39.8674195243,403.264664179,802,501,0,119,3.13807311325
35.3280886349,-54.6794725425,-54.2660773286,39.7913386246,-55.0928677564,30.8648386451,580.763290035,802,501,0,119,2.93423885451
30.3792062333,-55.1788100756,-55.0928677564,30.8648386451,-55.2647523948,29.8935738215,64.56296971,802,501,0,119,2.85395587512
70.3946454219,-51.8331847179,-51.3808775914,72.520841942,-52.2854918444,68.2684489017,308.969366831,801,501,0,119,4.31681266068
67.5610358267,-52.4232508314,-52.2854918444,68.2684489017,-52.5610098184,66.8536227517,100.709346589,801,501,0,119,4.06040798074
65.7950702083,-52.7359114123,-52.5610098184,66.8536227517,-52.9108130063,64.7365176649,147.744848624,801,501,0,119,3.97739734999
27.4220314595,-54.9691849706,-55.2131476052,29.4401503356,-54.7252223359,25.4039125833,263.235023145,802,701,0,120,5.74960261486
24.0539768036,-54.4950504292,-54.7252223359,25.4039125833,-54.2648785225,22.7040410238,181.700706478,802,701,0,120,5.61338447262
70.9723180958,-46.7587638533,-46.6804237483,71.1924827513,-46.8371039582,70.7521534404,37.7973669232,550,801,575,120,5.76185495441
70.487848006,-47.2514418941,-47.1133644491,70.9042293962,-47.3895193391,70.0714666158,69.9539729624,550,801,575,120,5.73199183327
71.4865995933,-49.9159605005,-49.7901807547,71.8716581969,-50.0417402463,71.1015409898,61.8290100335,550,801,575,120,5.66790476565
71.5587601677,-50.6659653792,-50.6631703859,71.5674824853,-50.6687603726,71.55003785,1.37768748215,550,801,575,120,5.62077396049
66.6124932355,-56.450731282,-56.4625197329,69.2528841466,-56.438942831,63.9721023245,324.447443531,802,501,0,120,6.46235682738
63.6293771139,-56.4486113317,-56.438942831,63.9721023245,-56.4582798323,63.2866519034,42.1795811675,802,501,0,120,6.09309616281
60.1194830274,-57.2828363339,-57.1665790068,63.2785553031,-57.399093661,56.9604107518,380.462208421,802,501,0,120,6.06576812174
53.5082265535,-56.460522625,-56.3823456733,56.5898495353,-56.5386995768,50.4266035718,378.919866129,802,501,0,120,5.5629349639
48.7275210621,-55.2906514196,-55.3486007492,49.9620151147,-55.2327020899,47.4930270096,156.848420509,802,501,0,120,5.0230205993
46.6434549807,-54.3843546248,-54.3438467338,47.3642139474,-54.4248625158,45.922696014,93.7759306208,802,501,0,120,4.76305391781
42.6646939794,-54.1582469168,-53.9288193735,45.7376201602,-54.3876744602,39.5917677986,403.264664183,802,501,0,120,4.61029358052
35.0580238133,-54.6117596757,-54.2112470727,39.5173292602,-55.0122722787,30.5987183663,580.763290038,802,501,0,120,4.17811080732
30.019434351,-55.112709942,-55.0122722787,30.5987183663,-55.2131476052,29.4401503356,76.9944429532,802,501,0,120,3.72455157483
70.0942468039,-51.8909938053,-51.4455023973,72.2269475195,-52.3364852132,67.9615460882,308.969366836,801,501,0,120,6.50108639653
67.2521556736,-52.4719437267,-52.3364852132,67.9615460882,-52.6074022402,66.542765259,100.709346604,801,501,0,120,6.16647445826
65.6811131488,-52.7482526838,-52.6074022402,66.542765259,-52.8891031274,64.8194610387,120.144556152,801,501,0,120,6.05552117428
69.8205914165,-45.3951640481,-45.1713496752,70.5219447271,-45.618978421,69.1192381059,120.304132682,550,801,0,121,5.35007462585
71.3488537925,-49.7852705791,-49.6399685261,71.7457372381,-49.9305726321,70.9519703469,65.5108338837,550,801,0,121,5.22724960386
71.4274769563,-50.6424518159,-50.6112614021,71.5434558649,-50.6736422297,71.3114980478,17.7665660757,550,801,0,121,5.18208916633
69.5058564589,-56.6405679252,-56.633133834,69.7770053894,-56.6480020164,69.2347075284,33.1999098546,802,501,0,121,4.11623228703
66.5814194942,-56.6352869227,-56.6480020164,69.2347075284,-56.622571829,63.92813146,324.447443526,802,501,0,121,4.10045700393
63.5837253861,-56.6320623771,-56.622571829,63.92813146,-56.6415529253,63.2393193122,42.1795811278,802,501,0,121,3.94407772418
60.054903477,-57.46384609,-57.349847395,63.2299029879,-57.5778447849,56.879903966,380.462208417,802,501,0,121,3.96701067566
53.414446246,-56.6356264013,-56.5607648681,56.510641728,-56.7104879345,50.3182507641,378.919866124,802,501,0,121,3.75017719956
48.616812394,-55.4602213357,-55.519810372,49.8563681533,-55.4006322994,47.3772566347,156.848420498,802,501,0,121,3.53834506847
46.527781236,-54.5510729846,-54.5115998031,47.2516530489,-54.5905461662,45.8039094231,93.775930603,802,501,0,121,3.41604822973
42.5342464825,-54.3186375787,-54.0942312993,45.6202365933,-54.5430438582,39.4482563718,403.264664179,802,501,0,121,3.35811917408
39.4113602989,-54.454764151,-54.5430438582,39.4482563718,-54.3664844437,39.3744642259,20.2037268284,802,501,0,121,3.33498120101
34.8966607957,-54.7581190881,-54.3664844437,39.3744642259,-55.1497537324,30.4188573656,580.763290035,802,501,0,121,3.31967764194
29.3374420763,-55.3288586061,-55.1497537324,30.4188573656,-55.5079634797,28.256026787,142.483429875,802,501,0,121,3.39502328011
27.1762138223,-55.7631897926,-55.5079634797,28.256026787,-56.0184161054,26.0964008576,146.536586041,802,501,0,121,3.4429485081
24.3687344696,-56.5300153107,-56.0184161054,26.0964008576,-57.041614516,22.6410680816,240.469070285,802,501,0,121,3.50789762809
21.9531780527,-57.1617209078,-57.041614516,22.6410680816,-57.2818272995,21.2652880239,87.1487140688,802,501,0,121,3.63495266666
19.8007209605,-57.3778671117,-57.2818272995,21.2652880239,-57.4739069238,18.3361538971,176.866585774,802,501,0,121,3.67466385305
70.016601504,-52.0929271297,-51.6483994136,72.1594779555,-52.5374548459,67.8737250526,308.969366832,801,501,0,121,3.66018448756
67.1608533929,-52.6724684668,-52.5374548459,67.8737250526,-52.8074820877,66.4479817332,100.70934659,801,501,0,121,3.52954704206
65.8357580457,-52.9081171172,-52.8074820877,66.4479817332,-53.0087521466,65.2235343582,85.1069806461,801,501,0,121,3.48919683919
69.8522168403,-45.7145459894,-45.4937347404,70.5595065888,-45.9353572385,69.1449270917,120.304132682,550,801,0,122,5.33898597078
71.3490836697,-50.1110065131,-49.9673462502,71.7501012373,-50.2546667761,70.9480661022,65.5108338828,550,801,0,122,5.21494376716
71.3962502456,-50.9745772213,-50.9377898982,71.5366721407,-51.0113645443,71.2558283505,21.2974686058,550,801,0,122,5.16948601207
69.6009984828,-56.9005974985,-56.8875895633,70.1339131398,-56.9136054336,69.0680838259,64.7841879292,802,501,0,122,4.13989192588
66.397255158,-56.8872253224,-56.9136054336,69.0680838259,-56.8608452112,63.72642649,324.447443526,802,501,0,122,4.10911310164
63.3796927736,-56.868483863,-56.8608452112,63.72642649,-56.8761225149,63.0329590571,42.179581128,802,501,0,122,3.95270755191
59.8144827259,-57.6804874766,-57.5843312965,63.0105059003,-57.7766436567,56.6184595515,380.462208417,802,501,0,122,3.97547084827
53.1552047402,-56.8136989174,-56.7574686983,56.2674213308,-56.8699291365,50.0429881497,378.919866124,802,501,0,122,3.75852558414
48.3600157163,-55.6091275545,-55.6764667638,49.6030350428,-55.5417883453,47.1169963899,156.848420498,802,501,0,122,3.54635726297
46.2810456906,-54.6868947348,-54.6520167187,47.0080415148,-54.7217727509,45.5540498664,93.775930603,802,501,0,122,3.42394687245
42.280769504,-54.428681293,-54.2243161975,45.3791466589,-54.6330463884,39.182392349,403.264664179,802,501,0,122,3.36587346535
39.1471418415,-54.5445293234,-54.6330463884,39.182392349,-54.4560122584,39.111891334,20.2037268284,802,501,0,122,3.34170839714
34.6199159091,-54.8177061982,-54.4560122584,39.111891334,-55.1794001379,30.1279404841,580.763290035,802,501,0,122,3.32641219916
29.0422519327,-55.3511888397,-55.1794001379,30.1279404841,-55.5229775415,27.9565633812,142.483429875,802,501,0,122,3.40006544987
26.871162011,-55.7708833288,-55.5229775415,27.9565633812,-56.0187891161,25.7857606408,146.536586041,802,501,0,122,3.44758501508
24.0473777642,-56.5186734986,-56.0187891161,25.7857606408,-57.0185578811,22.3089948875,240.469070285,802,501,0,122,3.512149903
21.6189207742,-57.1340162486,-57.0185578811,22.3089948875,-57.2494746161,20.9288466608,87.1487140689,802,501,0,122,3.63865360755
19.4638593026,-57.3356671596,-57.2494746161,20.9288466608,-57.4218597032,17.9988719444,176.866585774,802,501,0,122,3.67815519113
69.8967886924,-52.3790201964,-51.9452233554,72.0593846062,-52.8128170374,67.7341927787,308.969366832,801,501,0,122,3.66729000235
67.014941799,-52.9440859148,-52.8128170374,67.7341927787,-53.0753547923,66.2956908193,100.709346589,801,501,0,122,3.53685597249
65.8255318716,-53.1501423169,-53.0753547923,66.2956908193,-53.2249298414,65.3553729239,64.8736655648,801,501,0,122,3.49656161494
69.8816853962,-46.0344393595,-45.8166518254,70.5949900177,-46.2522268935,69.1683807748,120.304132682,550,801,0,123,7.25592699715
71.3465575324,-50.4371133133,-50.2951103881,71.7517739149,-50.5791162385,70.94134115,65.5108338842,550,801,0,123,7.08092215834
71.3614929232,-51.3068721644,-51.2646596673,71.5269832047,-51.3490846615,71.1960026416,24.8490822283,550,801,0,123,7.01773061448
69.687330544,-57.1616768712,-57.1447796545,70.4778149501,-57.1785740879,68.8968461378,95.4008207559,802,501,0,123,4.62806409621
66.2084826642,-57.1384127016,-57.1785740879,68.8968461378,-57.0982513153,63.5201191905,324.447443526,802,501,0,123,4.56623082238
63.1710630616,-57.1040219429,-57.0982513153,63.5201191905,-57.1097925706,62.8220069327,42.1795811292,802,501,0,123,4.35040013514
59.5693355543,-57.8960024744,-57.8178444104,62.7862426428,-57.9741605384,56.3524284658,380.462208417,802,501,0,123,4.35826913156
52.8920663667,-56.9904643948,-56.9529937561,56.0200085892,-57.0279350334,49.7641241442,378.919866124,802,501,0,123,4.05988059769
48.1001692462,-55.7566992811,-55.8318203889,49.3464848738,-55.6815781732,46.8538536185,156.848420499,802,501,0,123,3.75161059843
46.031725437,-54.821430256,-54.7911722215,46.7617623813,-54.8516882905,45.3016884927,93.7759306037,802,501,0,123,3.58726490208
42.0253091101,-54.5373718076,-54.3531451052,45.1356766317,-54.7215985101,38.9149415885,403.264664179,802,501,0,123,3.50048325853
38.8813546271,-54.6328548059,-54.7215985101,38.9149415885,-54.5441111018,38.8477676657,20.2037268313,802,501,0,123,3.36696717854
34.3423347396,-54.8757583742,-54.5441111018,38.8477676657,-55.2074056465,29.8369018134,580.763290035,802,501,0,123,3.34919186263
28.7471319598,-55.3718493313,-55.2074056465,29.8369018134,-55.536293016,27.6573621061,142.483429875,802,501,0,123,3.28562024523
26.5665750123,-55.7768417153,-55.536293016,27.6573621061,-56.0173904146,25.4757879185,146.536586041,802,501,0,123,3.30955334765
23.7270477041,-56.5054923337,-56.0173904146,25.4757879185,-56.9935942528,21.9783074896,240.469070286,802,501,0,123,3.35713455946
21.286198159,-57.1043927935,-56.9935942528,21.9783074896,-57.2151913342,20.5940888284,87.1487140695,802,501,0,123,3.46912152759
19.128988594,-57.2915418538,-57.2151913342,20.5940888284,-57.3678923733,17.6638883596,176.866585775,802,501,0,123,3.50199905115
69.7729959897,-52.6646325709,-52.2416830389,71.9555009042,-53.087582103,67.5904910752,308.969366831,801,501,0,123,4.27294500397
66.8648137825,-53.2150656076,-53.087582103,67.5904910752,-53.3425491122,66.1391364899,100.709346589,801,501,0,123,4.08180940751
65.8137230104,-53.3926005443,-53.3425491122,66.1391364899,-53.4426519763,65.4883095309,44.567747078,801,501,0,123,4.02021613319
69.9717553276,-46.4539502572,-46.239035405,70.692355364,-46.6688651094,69.2511552913,120.304132682,550,801,0,124,6.93538203292
71.4094727787,-50.862326615,-50.7218812694,71.8197216129,-51.0027719607,70.9992239445,65.5108338837,550,801,0,124,6.7753297363
71.3984926725,-51.7364711431,-51.6905589163,71.5835594284,-51.78238337,71.2134259165,27.4567541911,550,801,0,124,6.71629231025
69.8013780425,-57.4646817468,-57.4453437089,70.8243896167,-57.4840197847,68.7783664682,122.428977383,802,501,0,124,5.71832563997
66.0691598671,-57.4319404542,-57.4840197847,68.7783664682,-57.3798611238,63.359953266,324.447443526,802,501,0,124,5.59011517127
63.0081564186,-57.3839902806,-57.3798611238,63.359953266,-57.3881194375,62.6563595712,42.1795811289,802,501,0,124,5.24146536736
59.3668064026,-58.158047395,-58.0959745454,62.608644267,-58.2201202446,56.1249685383,380.462208417,802,501,0,124,5.23393920307
52.6613053149,-57.2175259762,-57.1972527049,55.8090274794,-57.2377992475,49.5135831504,378.919866124,802,501,0,124,4.75917644226
47.8648620081,-55.9570007405,-56.0393593142,49.1161680243,-55.8746421668,46.6135559919,156.848420499,802,501,0,124,4.26201622022
45.8032612182,-55.0096675532,-54.9837415078,46.5372253248,-55.0355935985,45.0692971116,93.7759306036,802,501,0,124,4.01047833515
41.7853382616,-54.7011947651,-54.5360846157,44.9114643337,-54.8663049145,38.6592121895,403.264664179,802,501,0,124,3.87089676456
34.0705718749,-54.9909071419,-54.6884052876,38.5951481487,-55.2934089962,29.5459956012,580.763290035,802,501,0,124,3.56074268704
28.4507403438,-55.4506119467,-55.2934089962,29.5459956012,-55.6078148971,27.3554850864,142.483429875,802,501,0,124,3.34880511867
26.2578853446,-55.8410596006,-55.6078148971,27.3554850864,-56.0743043041,25.1602856028,146.536586041,802,501,0,124,3.36143607274
23.3987993027,-56.5506082313,-56.0743043041,25.1602856028,-57.0269121585,21.6373130027,240.469070286,802,501,0,124,3.41262469351
20.9421834774,-57.1330284289,-57.0269121585,21.6373130027,-57.2391446993,20.2470539522,87.1487140694,802,501,0,124,3.55606347077
18.7797400873,-57.3055778482,-57.2391446993,20.2470539522,-57.3720109971,17.3124262225,176.866585775,802,501,0,124,3.59835893561
69.6802257936,-52.9890049883,-52.575467742,71.8840296283,-53.4025422346,67.476421959,308.969366831,801,501,0,124,5.44958114631
66.7437927876,-53.5266892442,-53.4025422346,67.476421959,-53.6508362537,66.0111636163,100.709346589,801,501,0,124,5.13392251555
65.847957408,-53.67520079,-53.6508362537,66.0111636163,-53.6995653263,65.6847511996,22.1722901677,801,501,0,124,5.0308902811
69.8746865115,-46.7877551502,-46.5764372812,70.6019949875,-46.9990730192,69.1473780354,120.304132694,550,801,0,125,6.28825742332
71.2720258458,-51.2030900847,-51.0646347584,71.6870094094,-51.3415454111,70.8570422821,65.5108339053,550,801,0,125,6.14227851723
71.2553260301,-52.0759068465,-52.0321477556,71.4371196061,-52.1196659374,71.0735324542,26.6860542725,550,801,0,125,6.08833366955
69.5296285292,-53.3376304383,-52.9329228027,71.7559717345,-53.7423380738,67.303285324,308.969366836,801,501,0,125,4.02112648867
66.5849572703,-53.8599249402,-53.7423380738,67.303285324,-53.9775118067,65.8666292166,97.7736848202,801,501,0,125,3.84954096265
66.725649564,-55.6057212773,-55.6117436915,67.6513545688,-55.5996988631,65.7999445593,116.295755941,801,501,0,125,3.99427486663
64.7017622647,-56.4417349092,-56.3520140444,65.8140133222,-56.531455774,63.5895112071,138.175175992,801,501,0,125,3.9702324672
63.5597058522,-56.7673325225,-56.531455774,63.5895112071,-57.0032092711,63.5299004973,52.5822941691,801,501,0,125,3.89651413619
60.3935482926,-56.937234265,-57.0032092711,63.5299004973,-56.8712592589,57.2571960879,380.671658106,801,501,0,125,3.93162956243
56.8597655958,-56.4969453024,-56.5109637583,57.0553289356,-56.4829268465,56.664202256,24.207975027,801,501,0,125,3.66901402679
54.1328513792,-55.9544557107,-55.9605654059,56.3484459571,-55.9483460155,51.9172568012,275.809889543,801,501,0,125,3.59638178019
51.5261987862,-55.5939155642,-55.9483460155,51.9172568012,-55.2394851128,51.1351407712,92.8843577909,801,501,0,125,3.47437757529
50.6305054558,-55.3176863998,-55.2394851128,51.1351407712,-55.3958876868,50.1258701404,66.1845317946,801,501,0,125,3.38394161694
48.7223427807,-55.1053071141,-54.9934063172,49.9251151815,-55.217207911,47.5195703798,155.022196426,801,501,0,125,3.33130073437
46.6110242735,-54.4982191347,-54.5396510161,47.1885225449,-54.4567872533,46.033526002,75.1490195125,801,501,0,125,3.23065938164
43.0313293197,-54.1395548517,-53.8748606085,45.9157490129,-54.4042490949,40.1469096265,380.250181151,801,501,0,125,3.1383699457
39.8511571936,-54.2190472532,-54.4042490949,40.1469096265,-54.0338454114,39.5554047608,56.3491099066,801,501,0,125,3.15147432718
36.3942909967,-54.415464347,-54.0338454114,39.5554047608,-54.7970832825,33.2331772326,417.634496258,801,501,0,125,3.10946186751
32.3119691225,-54.7710561687,-54.7970832825,33.2331772326,-54.7450290548,31.3907610124,118.315115429,801,501,0,125,3.23972097653
31.2208189059,-54.6651912006,-54.7450290548,31.3907610124,-54.5853533463,31.0508767995,28.1604911316,801,501,0,125,3.26322504904
28.6677480416,-55.2819139834,-54.5853533463,31.0508767995,-55.9784746205,26.2846192836,339.175496245,801,501,0,125,3.25233604643
24.2234989198,-56.5129963168,-55.9784746205,26.2846192836,-57.0475180132,22.1623785559,279.389418684,801,501,0,125,3.50160654805
21.0678490471,-57.2186933663,-57.0475180132,22.1623785559,-57.3898687195,19.9733195384,137.172598834,801,501,0,125,3.7175414174
17.6256018047,-56.9000079961,-57.3898687195,19.9733195384,-56.4101472727,15.277884071,305.149587239,801,501,0,125,3.81544969011
69.7875139026,-47.1265060049,-46.9190586365,70.5218296291,-47.3339533733,69.0531981762,120.304132694,550,801,0,126,6.4566191048
71.1402636286,-51.5490442356,-51.4127400537,71.5602190875,-51.6853484174,70.7203081696,65.5108339056,550,801,0,126,6.35382776199
71.1085514357,-52.4224624466,-52.3789350174,71.2954435443,-52.4659898758,70.9216593272,27.1320526655,550,801,0,126,6.30980353701
69.3162438225,-53.6358329354,-53.2441518013,71.564872868,-54.0275140696,67.067614777,308.969366836,801,501,0,126,5.92618840771
66.4847199467,-54.1192767871,-54.0275140696,67.067614777,-54.2110395046,65.9018251164,78.6680623425,801,501,0,126,5.99234141245
66.481485911,-55.887391229,-55.8991951763,67.443284216,-55.8755872818,65.5196876059,119.981416336,801,501,0,126,6.06455933235
64.3969396001,-56.7106885722,-56.6279435199,65.5189118824,-56.7934336246,63.2749673178,138.175175992,801,501,0,126,6.10511913254
60.0497951562,-57.1781082779,-57.2647762328,63.2048812132,-57.0914403231,56.8947090992,380.671658106,801,501,0,126,6.14404726026
56.5035185583,-56.7144374873,-56.7297941423,56.6998791841,-56.6990808324,56.3071579326,24.2079750275,801,501,0,126,6.17974167953
53.7745998258,-56.1529317785,-56.1745896903,56.0013188759,-56.1312738667,51.5478807757,275.809889543,801,501,0,126,6.16910076851
51.1630435043,-55.7740686257,-56.1312738667,51.5478807757,-55.4168633847,50.7782062329,92.884357791,801,501,0,126,6.21151349918
50.269637821,-55.4914168997,-55.4168633847,50.7782062329,-55.5659704147,49.7610694091,66.1845317947,801,501,0,126,6.19971580811
48.3584444505,-55.2651641553,-55.1620665448,49.5684640765,-55.3682617657,47.1484248244,155.022196426,801,501,0,126,6.20583815261
46.252736483,-54.642612197,-54.6883188629,46.8313236632,-54.5969055311,45.6741493028,75.1490195126,801,501,0,126,6.22417469865
42.6704174322,-54.2570577541,-54.0141501362,45.5686497322,-54.4999653719,39.7721851323,380.250181151,801,501,0,126,6.22204418243
36.0129807817,-54.4822268374,-54.1250688758,39.1876949994,-54.839384799,32.838266564,417.634496258,801,501,0,126,6.29977404083
31.9169518078,-54.8061823038,-54.839384799,32.838266564,-54.7729798086,30.9956370515,118.315115429,801,501,0,126,6.3779582954
30.8274622009,-54.6918234262,-54.7729798086,30.9956370515,-54.6106670438,30.6592873503,28.1604911324,801,501,0,126,6.39410986792
28.2592132926,-55.2885493803,-54.6106670438,30.6592873503,-55.9664317167,25.8591392348,339.175496245,801,501,0,126,6.39520746048
23.7860855647,-56.4848385631,-55.9664317167,25.8591392348,-57.0032454095,21.7130318946,279.389418684,801,501,0,126,6.44515200217
20.6156577304,-57.1659182249,-57.0032454095,21.7130318946,-57.3285910403,19.5182835663,137.172598834,801,501,0,126,6.47299323048
17.1883522401,-56.8207510943,-57.3285910403,19.5182835663,-56.3129111483,14.8584209138,305.149587239,801,501,0,126,6.48202349396
71.6100766917,-45.7185582787,-44.5068624397,72.1087818833,-46.9302541177,71.1113715001,280.36731323,550,801,0,127,7.3923495998
73.4657826868,-51.9922220703,-51.8853729377,73.8289729442,-52.099071203,73.1025924294,55.1201644229,501,801,0,127,0.782909035728
73.3296656754,-52.9042643043,-52.8291356331,73.6165490873,-52.9793929755,73.0427822636,41.9514079263,501,801,0,127,0.808516173202
72.9302379721,-53.3455207239,-53.2855293301,73.2005932528,-53.4055121177,72.6598826913,38.2927000859,501,801,0,127,0.846898028835
72.1014580118,-53.6433391052,-53.5245225428,72.7158928021,-53.7621556675,71.4870232215,85.2035361186,501,801,0,127,0.885638223868
70.9358533974,-53.8228040288,-53.7321677823,71.4684233696,-53.9134402753,70.4032834253,72.7591927517,501,801,0,127,0.974426900913
68.4743361204,-53.9166131224,-53.6402536837,70.2257628929,-54.1929725612,66.7229093479,237.462800241,801,501,0,127,5.87367677969
66.2174504344,-54.2672399328,-54.1929725612,66.7229093479,-54.3415073043,65.7119915208,67.6926605555,801,501,0,127,5.92480309293
66.1728186508,-56.0479731044,-56.0707065658,67.2329746825,-56.025239643,65.1126626191,131.768072501,801,501,0,127,6.01839902475
63.9585370297,-56.8488475144,-56.7774645353,65.0872454553,-56.9202304935,62.8298286041,138.175175992,801,501,0,127,6.06644262538
59.5837715036,-57.2717603338,-57.3907788223,62.7432891035,-57.1527418452,56.4242539037,380.671658106,801,501,0,127,6.11152105065
56.045606799,-56.771762573,-56.7891468624,56.2417043281,-56.7543782837,55.8495092699,24.2079750292,801,501,0,127,6.14205937609
53.3337689076,-56.182071393,-56.2268150017,55.5610689252,-56.1373277842,51.1064688899,275.809889543,801,501,0,127,6.12516220074
50.7333987183,-55.7761885554,-56.1373277842,51.1064688899,-55.4150493266,50.3603285467,92.8843577914,801,501,0,127,6.17299434696
49.8495268564,-55.4843120875,-55.4150493266,50.3603285467,-55.5535748485,49.3387251661,66.1845317952,801,501,0,127,6.15377287546
47.9468963893,-55.2382778358,-55.1477398077,49.1591865982,-55.3288158639,46.7346061804,155.022196426,801,501,0,127,6.15922454639
45.8628879709,-54.5940200945,-54.6457017138,46.4392828187,-54.5423384752,45.2864931231,75.1490195131,801,501,0,127,6.17845985389
42.2997292941,-54.1717253538,-53.9585847053,45.1988098194,-54.3848660023,39.4006487688,380.250181151,801,501,0,127,6.17172211211
39.1148631929,-54.1944771455,-54.3848660023,39.4006487688,-54.0040882886,38.829077617,56.3491099074,801,501,0,127,6.27666704111
35.6561118325,-54.3294233663,-54.0040882886,38.829077617,-54.654758444,32.4831460481,417.634496258,801,501,0,127,6.27411009612
31.5673266719,-54.6125401653,-54.654758444,32.4831460481,-54.5703218865,30.6515072957,118.31511543,801,501,0,127,6.39016006636
30.4865481618,-54.4875415573,-54.5703218865,30.6515072957,-54.4047612281,30.3215890278,28.1604911332,801,501,0,127,6.41542304338
27.9157655531,-55.0596297203,-54.4047612281,30.3215890278,-55.7144982124,25.5099420784,339.175496245,801,501,0,127,6.41672712064
20.2694171797,-56.8658661713,-56.7130101488,21.3627220135,-57.0187221939,19.1761123459,137.172598834,801,501,0,127,6.56882181707
16.8812206219,-56.4909189971,-57.0187221939,19.1761123459,-55.9631158003,14.5863288978,305.149587239,801,501,0,127,6.59398532194
71.5933689711,-46.1745325503,-44.9573890746,72.1117070723,-47.3916760259,71.0750308699,282.197697681,550,801,0,128,8.32439312544
73.206973413,-52.2117301441,-52.1082063101,73.5744992027,-52.3152539782,72.8394476232,55.1201644218,501,801,0,128,0.517641784719
73.0476631721,-53.1224291681,-53.0499295058,73.3378634176,-53.1949288303,72.7574629266,41.9514079249,501,801,0,128,0.437779168867
72.6349933636,-53.5599809182,-53.5024732573,72.9082351603,-53.6174885791,72.3617515668,38.2927000843,501,801,0,128,0.386759648528
71.794417194,-53.8501398103,-53.7369988472,72.4149396884,-53.9632807734,71.1738946996,85.2035361179,501,801,0,128,0.347048705863
70.618568329,-54.018804728,-53.9331244659,71.1560048474,-54.10448499,70.0811318105,72.7591927509,501,801,0,128,0.272205107385
68.1441205602,-54.0895035979,-53.8296777387,69.9101493983,-54.3493294572,66.3780917221,237.46280024,801,501,0,128,4.93422230891
65.9649223064,-54.4060216053,-54.3493294572,66.3780917221,-54.4627137535,65.5517528906,54.9460739446,801,501,0,128,4.97007728629
65.8754092914,-56.2010277977,-56.236085029,67.0424495275,-56.1659705664,64.7083690553,144.579532466,801,501,0,128,5.08144889971
63.5244701756,-56.9783433874,-56.9178390847,64.6592316984,-57.0388476901,62.3897086528,138.175175992,801,501,0,128,5.12655912788
59.1248787634,-57.3586366959,-57.5084841531,62.2873827905,-57.2087892387,55.9623747363,380.671658106,801,501,0,128,5.16881772171
55.5958686272,-56.8241472474,-56.8434581256,55.791638243,-56.8048363693,55.4000990115,24.2079750249,801,501,0,128,5.17477376156
52.9013721894,-56.2078085346,-56.2745176554,55.1283924853,-56.1410994138,50.6743518934,275.809889543,801,501,0,128,5.15002381986
50.3126123001,-55.776331984,-56.1410994138,50.6743518934,-55.4115645541,49.9508727068,92.8843577904,801,501,0,128,5.18973976047
49.4381300349,-55.4757740664,-55.4115645541,49.9508727068,-55.5399835788,48.925387363,66.1845317938,801,501,0,128,5.16097052744
47.5443062227,-55.2110103389,-55.132437734,48.758328091,-55.2895829438,46.3302843543,155.022196426,801,501,0,128,5.16217235097
45.4815856906,-54.5463200438,-54.6036621767,46.0557112741,-54.488977911,44.9074601071,75.1490195117,801,501,0,128,5.17428494031
41.9377212982,-54.0892758926,-53.9044453126,44.8366823597,-54.2741064725,39.0387602367,380.25018115,801,501,0,128,5.15909982651
38.7591547573,-54.0809827245,-54.2741064725,39.0387602367,-53.8878589765,38.479549278,56.3491099058,801,501,0,128,5.27635023007
35.3092030666,-54.1829596126,-53.8878589765,38.479549278,-54.4780602488,32.1388568552,417.634496258,801,501,0,128,5.27009743316
31.2284662788,-54.4273222358,-54.4780602488,32.1388568552,-54.3765842227,30.3180757025,118.315115429,801,501,0,128,5.41376310825
30.1561779775,-54.2922891814,-54.3765842227,30.3180757025,-54.2079941402,29.9942802525,28.1604911299,801,501,0,128,5.44553945954
27.5838035337,-54.8409396194,-54.2079941402,29.9942802525,-55.4738850987,25.1733268148,339.175496245,801,501,0,128,5.4462538343
23.0998403047,-55.9549393692,-55.4738850987,25.1733268148,-56.4359936397,21.0263537946,279.389418684,801,501,0,128,5.57664877153
19.9371666033,-56.579556135,-56.4359936397,21.0263537946,-56.7231186304,18.847979412,137.172598833,801,501,0,128,5.67433688254
16.5862066772,-56.1766192305,-56.7231186304,18.847979412,-55.6301198306,14.3244339424,305.149587239,801,501,0,128,5.71704002119
71.5156395535,-46.5047739829,-45.2819179186,72.049291768,-47.7276300472,70.9819873389,283.946398888,550,801,0,129,7.75954548625
72.9075993679,-52.2827016613,-52.1818073019,73.2776591564,-52.3835960206,72.5375395795,55.1201644219,501,801,0,129,0.467582104668
72.7303377124,-53.1922011193,-53.1217783696,73.0224289883,-53.2626238689,72.4382464364,41.9514079251,501,801,0,129,0.475742302963
72.3082530794,-53.6267737917,-53.5712233388,72.58307424,-53.6823242446,72.0334319189,38.2927000845,501,801,0,129,0.501919282855
71.4605468589,-53.9108937284,-53.8022062307,72.0842583249,-54.0195812261,70.8368353929,85.203536118,501,801,0,129,0.530879110428
70.2796898456,-54.0711121744,-53.9892988082,70.819548228,-54.1529255406,69.7398314632,72.759192751,501,801,0,129,0.600072795789
67.8015679867,-54.1239763116,-53.876909062,69.5743837944,-54.3710435612,66.0287521791,237.462800241,801,501,0,129,4.51796461831
65.7146124517,-54.4120241045,-54.3710435612,66.0287521791,-54.4530046478,65.4004727244,41.6649200779,801,501,0,129,4.5562711529
65.5839985509,-56.2216360578,-56.2678102466,66.8499830684,-56.1754618691,64.3180140335,156.860049743,801,501,0,129,4.63336377019
63.1148030518,-56.9791977685,-56.9269100874,64.2509646729,-57.0314854496,61.9786414306,138.175175993,801,501,0,129,4.67279201482
58.7088737138,-57.3277050546,-57.5003395823,61.864723654,-57.155070527,55.5530237736,380.671658106,801,501,0,129,4.70854957929
55.1963823637,-56.767835371,-56.7885471075,55.3913801418,-56.7471236346,55.0013845855,24.2079750294,801,501,0,129,4.72879322667
52.5216525817,-56.1323739628,-56.2149046871,54.7425898535,-56.0498432386,50.3007153099,275.809889543,801,501,0,129,4.71379646637
49.9479720068,-55.6825575501,-56.0498432386,50.3007153099,-55.3152718616,49.5952287038,92.8843577916,801,501,0,129,4.75091956773
49.0824221266,-55.3758798658,-55.3152718616,49.5952287038,-55.4364878701,48.5696155494,66.1845317955,801,501,0,129,4.73374065536
47.1996293297,-55.0979313543,-55.0278041499,48.4117970611,-55.1680585587,45.9874615983,155.022196426,801,501,0,129,4.7373885598
45.156921444,-54.4190060155,-54.4802918817,45.7280539201,-54.3577201492,44.585788968,75.1490195133,801,501,0,129,4.75165266637
41.6350657267,-53.9380747565,-53.7727426675,44.5269076276,-54.1034068454,38.7432238259,380.250181151,801,501,0,129,4.7447262291
38.4684618804,-53.9084590997,-54.1034068454,38.7432238259,-53.713511354,38.1936999349,56.3491099077,801,501,0,129,4.83167389876
35.0329282478,-53.9884010602,-53.713511354,38.1936999349,-54.2632907665,31.8721565607,417.634496258,801,501,0,129,4.82896081017
30.9675901203,-54.2069900048,-54.2632907665,31.8721565607,-54.150689243,30.0630236799,118.31511543,801,501,0,129,4.92781223511
29.9035069214,-54.0654207487,-54.150689243,30.0630236799,-53.9801522543,29.743990163,28.160491134,801,501,0,129,4.94947120695
27.3368924675,-54.5989531245,-53.9801522543,29.743990163,-55.2177539946,24.929794772,339.175496245,801,501,0,129,4.950433218
71.5012755752,-46.8799232093,-45.6523797883,72.0474661192,-48.1074666302,70.9550850313,285.331621662,550,801,0,130,6.96915311896
72.6832975548,-52.375241372,-52.2765602154,73.0557268171,-52.4739225286,72.3108682924,55.1201644222,501,801,0,130,0.480611360015
72.4908233962,-53.2836390294,-53.2149644467,72.7846990918,-53.352313612,72.1969477006,41.9514079253,501,801,0,130,0.491196882039
72.0605352897,-53.7156664104,-53.6617634976,72.3368701356,-53.7695693231,71.7842004439,38.2927000847,501,801,0,130,0.518273104715
71.2062536,-53.9946850943,-53.8897496758,71.8330724637,-54.0996205128,70.5794347363,85.2035361181,501,801,0,130,0.547580314457
70.020378403,-54.1477864784,-54.0692355752,70.5626441682,-54.2263373816,69.4781126378,72.759192751,501,801,0,130,0.616892334795
67.5374822731,-54.1856001659,-53.9493347101,69.3172278936,-54.4218656216,65.7577366525,237.462800241,801,501,0,130,4.52311590607
65.5222498525,-54.4512094857,-54.4218656216,65.7577366525,-54.4805533497,65.2867630526,31.1390920617,801,501,0,130,4.56086428078
65.4085255105,-56.4001821186,-56.465861751,66.8544873244,-56.3345024863,63.9625636967,178.537079398,802,501,0,130,4.93385289887
62.7266088329,-57.1252760966,-57.0851010429,63.8689141258,-57.1654511502,61.58430354,138.175175992,802,501,0,130,4.96946994578
58.2954616827,-57.4262925205,-57.6329942362,61.4527698092,-57.2195908048,55.1381535561,380.671658106,802,501,0,130,5.00129310951
54.7951964906,-56.828549495,-56.8513808225,54.9897194461,-56.8057181675,54.600673535,24.2079750302,802,501,0,130,5.01280432275
52.1411476258,-56.1640126678,-56.2707830217,54.3605850077,-56.0572423138,49.9217102438,275.809889543,802,501,0,130,4.99703234219
49.5816375216,-55.686168901,-56.0572423138,49.9217102438,-55.3150954882,49.2415647993,92.8843577917,802,501,0,130,5.02766122798
48.7268762465,-55.3700862257,-55.3150954882,49.2415647993,-55.4250769632,48.2121876938,66.1845317956,802,501,0,130,5.00932660235
46.8546920121,-55.0716216281,-55.0147434032,48.0681789763,-55.128499853,45.641205048,155.022196426,802,501,0,130,5.01114125994
45.5229443441,-54.7832637566,-55.128499853,45.641205048,-54.4380276602,45.4046836402,78.2606336615,802,501,0,130,5.04044755839
44.8362952948,-54.3705305452,-54.4380276602,45.4046836402,-54.3030334303,44.2679069495,75.1490195134,802,501,0,130,5.02122918855
41.3370640434,-53.8515513034,-53.717515694,44.2275769266,-53.9855869128,38.4465511601,380.250181151,802,501,0,130,5.01207837486
38.1786271595,-53.7877278568,-53.9855869128,38.4465511601,-53.5898688008,37.9107031589,56.349109908,802,501,0,130,5.09151647613
34.753958907,-53.8313425947,-53.5898688008,37.9107031589,-54.0728163887,31.5972146551,417.634496258,802,501,0,130,5.08773253491
30.0875011567,-53.5988864444,-54.0728163887,31.5972146551,-53.1249565,28.5777876584,225.376345937,802,501,0,130,5.1799350054
26.5605360068,-52.6838518785,-53.1249565,28.5777876584,-52.242747257,24.5432843553,289.05965105,802,501,0,130,5.19918223268
23.843980946,-52.008653337,-52.242747257,24.5432843553,-51.774559417,23.1446775368,108.965771344,802,501,0,130,5.23585200552
65.0283541201,-56.5284471532,-56.6071644026,66.5726410973,-56.4497299037,63.4840671429,190.202741459,802,501,0,131,4.94045041249
62.2274606598,-57.2323698461,-57.1996671622,63.37389255,-57.2650725299,61.0810287696,138.175175981,802,501,0,131,4.97601084487
57.7794856761,-57.5040061325,-57.7317156929,60.9385254947,-57.2762965721,54.6204458575,380.671658102,802,501,0,131,5.00750244153
54.2858986891,-56.882977536,-56.9071163451,54.4801760627,-56.8588387269,54.0916213155,24.2079749667,802,501,0,131,5.01854182607
51.6440279938,-56.2005523285,-56.3223264503,53.8630862623,-56.0787782067,49.4249697252,275.809889537,802,501,0,131,5.00280385505
49.0926820843,-55.7054240991,-56.0787782067,49.4249697252,-55.3320699914,48.7603944434,92.8843577752,802,501,0,131,5.03297278072
48.2444108046,-55.3835624655,-55.3320699914,48.7603944434,-55.4350549397,47.7284271657,66.1845317725,802,501,0,131,5.01466350963
46.3783568081,-55.0724049748,-55.0237724937,47.5929604331,-55.121037456,45.163753183,155.022196416,802,501,0,131,5.01637779711
45.0525729868,-54.7750223012,-55.121037456,45.163753183,-54.4290071464,44.9413927907,78.2606336419,802,501,0,131,5.04537781411
44.3745706743,-54.3576567611,-54.4290071464,44.9413927907,-54.2863063758,43.807748558,75.149019493,802,501,0,131,5.02620845499
40.8885355129,-53.8150513587,-53.700554047,43.7789372009,-53.9295486705,37.998133825,380.250181147,802,501,0,131,5.01698448634
37.7343957349,-53.7299040236,-53.9295486705,37.998133825,-53.5302593767,37.4706576448,56.3491098805,802,501,0,131,5.09567212035
34.3155893649,-53.7507732205,-53.5302593767,37.4706576448,-53.9712870642,31.1605210851,417.634496254,802,501,0,131,5.09184967132
29.6635868332,-53.4875739172,-53.9712870642,31.1605210851,-53.0038607701,28.1666525813,225.37634593,802,501,0,131,5.18326084977
26.1632918626,-52.5499388248,-53.0038607701,28.1666525813,-52.0960168796,24.159931144,289.059651044,802,501,0,131,5.20219632876
23.5290509732,-51.8795033153,-52.0960168796,24.159931144,-51.6629897509,22.8981708024,99.0932114951,802,501,0,131,5.23843145648
